Alex Yeoh,87438807,alexyeoh@example.com,21,Blk 30 Geylang Street 29, #06-40,M,Available,friends | 
Bernice Yu,99272758,berniceyu@example.com,22,Blk 30 Lorong 3 Serangoon Gardens, #07-18,F,Available,colleagues | friends | 
Charlotte Oliveiro,93210283,charlotte@example.com,23,Blk 11 Ang Mo Kio Street 74, #11-04,F,Available,neighbours | 
David Li,91031282,lidavid@example.com,24,Blk 436 Serangoon Gardens Street 26, #16-43,M,Available,family | 
Irfan Ibrahim,92492021,irfan@example.com,25,Blk 47 Tampines Street 20, #17-35,M,Available,classmates | 
Roy Balakrishnan,92624417,royb@example.com,26,Blk 45 Aljunied Street 85, #11-31,M,Available,colleagues | 
John Doe,98765432,johnd@example.com,23,311, Clementi Ave 2, #02-25,M,Available,owesMoney | friends | 
John Nigh,98765431,johni@example.com,23,311, Clementi Ave 2, #02-25,M,Available,owesMoney | friends | 
